{"cameraMode":{"drawMode":0,"name":"Shaded","section":"Shading Mode"},"sceneLighting":false,"audioPlay":false,"sceneViewState":{"showFog":true,"showMaterialUpdate":true,"showSkybox":false,"showFlares":true,"showImageEffects":true,"showParticleSystems":true},"in2DMode":false,"pivot":{"x":515.311279296875,"y":386.190673828125,"z":-3.2915310859680177},"rotation":{"x":0.10195547342300415,"y":-0.13742399215698243,"z":0.014219706878066063,"w":0.9851593375205994},"size":1602.1905517578125,"orthographic":true}